denovo_motif	jaspar_match	jaspar_id	tf_class	similarity
GAGGNAGACMAC	ZNF135	MA1587.1	More than 3 adjacent zinc fingers	0.980273667981803
GAGGNAGACMAC	SP5	MA1965.2	Three-zinc finger Kruppel-related	0.97849306175609
GAGGNAGACMAC	Wt1	MA1627.2	More than 3 adjacent zinc fingers	0.97456152028655
GAGGNAGACMAC	CG12605	MA2203.1	More than 3 adjacent zinc fingers	0.950868388033128
GAGGNAGACMAC	IKZF2	MA2326.1	Factors with multiple dispersed zinc fingers	0.93397169383981
WWWWWAAAAAAN	sqz	MA2108.1	More than 3 adjacent zinc fingers	0.984666821431727
WWWWWAAAAAAN	ZNF384	MA1125.2	More than 3 adjacent zinc fingers	0.979774254702092
WWWWWAAAAAAN	erm	MA2225.1	More than 3 adjacent zinc fingers	0.962841184331438
WWWWWAAAAAAN	ONECUT3	MA0757.2	HD-CUT	0.959822877726461
WWWWWAAAAAAN	mef-2	MA2173.1	Regulators of differentiation	0.958193115536189
TAGGCCTACW	Rfx6	MA1724.2	RFX-related factors	0.993578397982669
TAGGCCTACW	lsy-2	MA2181.1	More than 3 adjacent zinc fingers	0.979566693754749
TAGGCCTACW	odr-7	MA2149.1	RXR-related receptors (NR2)	0.964136217733934
TAGGCCTACW	Dmrt1	MA1603.2	DMRT factors	0.959259907630497
TAGGCCTACW	D19B	MA2307.1	More than 3 adjacent zinc fingers	0.948265584812859
SASASASASA	cg	MA2107.1	More than 3 adjacent zinc fingers	0.952624217067353
SASASASASA	MXI1	MA1108.3	bHLH-ZIP	0.942588306437951
SASASASASA	twi	MA0249.3	Tal-related	0.937144860316378
SASASASASA	Zic2	MA1629.2	More than 3 adjacent zinc fingers	0.936092710375864
SASASASASA	ZNF75A	MA2097.1	More than 3 adjacent zinc fingers	0.922671140496887
AMAACAACARMA	hlh-1	MA0545.2	MyoD/ASC-related factors	0.976269372090388
AMAACAACARMA	MSC	MA0665.1	Tal-related	0.974646022554697
AMAACAACARMA	SOX21	MA0866.1	SOX-related factors	0.968984910276632
AMAACAACARMA	Sox1	MA0870.1	SOX-related factors	0.968287134870732
AMAACAACARMA	Sox21a	MA2276.1	SOX-related factors	0.967672279752709
CAGTGNCACA	MXI1	MA1108.3	bHLH-ZIP	0.983957748556864
CAGTGNCACA	Zic2	MA1629.2	More than 3 adjacent zinc fingers	0.983658557237713
CAGTGNCACA	pqm-1	MA1703.2	Factors with multiple dispersed zinc fingers	0.983433088308732
CAGTGNCACA	E(spl)mgamma-HLH	MA2222.1	Hairy-related factors	0.803327911716699
CAGTGNCACA	E(spl)m3-HLH	MA2219.1	Hairy-related factors	0.794396155188207
GGGGGGGGGGGG	l(3)neo38	MA2316.1	Three-zinc finger Kruppel-related	0.999704267090797
GGGGGGGGGGGG	VEZF1	MA1578.2	More than 3 adjacent zinc fingers	0.99954801913315
GGGGGGGGGGGG	ZNF281	MA1630.3	More than 3 adjacent zinc fingers	0.999449054344364
GGGGGGGGGGGG	ZNF740	MA0753.3	Other factors with up to three adjacent zinc fingers	0.99935288595892
GGGGGGGGGGGG	Rel	MA2264.1	NF-kappaB-related factors	0.999310688446908
TTCTTCTTCTTC	IKZF2	MA2326.1	Factors with multiple dispersed zinc fingers	0.998896189920845
TTCTTCTTCTTC	Pgr	MA2323.1	Steroid hormone receptors (NR3)	0.993341602343439
TTCTTCTTCTTC	Sox7	MA2095.1	SOX-related factors	0.988743188649282
TTCTTCTTCTTC	Sox17	MA0078.3	SOX-related factors	0.987412645097111
TTCTTCTTCTTC	GLIS3	MA0737.1	More than 3 adjacent zinc fingers	0.982018339783117
GATGATGATGAT	elt-3	MA0542.1	C4-GATA-related	0.999910629131955
GATGATGATGAT	elt-7	MA2133.1	C4-GATA-related	0.999910629131955
GATGATGATGAT	Six3	MA0631.2	HD-SINE	0.999858157466194
GATGATGATGAT	elt-6	MA1439.2	C4-GATA-related	0.999572697317615
GATGATGATGAT	Six3/6	MA1912.2	HD-SINE	0.999496933730327
TGGAGAWACATG	Hand1	MA2123.1	Tal-related	0.998247226194075
TGGAGAWACATG	Prdm15	MA1616.2	Factors with multiple dispersed zinc fingers	0.994454556453067
TGGAGAWACATG	ZBTB26	MA1579.2	More than 3 adjacent zinc fingers	0.990409654289416
TGGAGAWACATG	MXI1	MA1108.3	bHLH-ZIP	0.987867005301262
TGGAGAWACATG	BACH2	MA1101.3	Jun-related	0.981819956315213
NCWGCWGHCA	Creb3l2	MA0608.1	CREB-related factors	0.941588612617531
NCWGCWGHCA	CREB3L4	MA1474.2	CREB-related factors	0.922551139987122
NCWGCWGHCA	KLF9	MA1107.3	Three-zinc finger Kruppel-related	0.921687478093271
NCWGCWGHCA	CG3065	MA2298.1	Three-zinc finger Kruppel-related	0.92073333354773
NCWGCWGHCA	YY1-2	MA1927.2	More than 3 adjacent zinc fingers	0.91144652783109
CTCTCTCTCTCT	eor-1	MA0543.2	More than 3 adjacent zinc fingers	0.997359704771335
CTCTCTCTCTCT	Trl	MA0205.3	More than 3 adjacent zinc fingers	0.989635657022655
CTCTCTCTCTCT	Clamp	MA1700.1	Factors with multiple dispersed zinc fingers	0.945143181827747
CTCTCTCTCTCT	Hr78	MA2245.1	RXR-related receptors (NR2)	0.891445614219096
CTCTCTCTCTCT	ZNF257	MA1710.2	More than 3 adjacent zinc fingers	0.87621522204605
