tf	id	cell	disease	n_cpg_positions	total_cpg_observations	mean_frac_high_meth	mean_frac_low_meth	max_frac_high_at_any_pos	motif_width	methmotif_class
AFF1	MM1_HSA_K562_AFF1	K562	tumor	7	732	0.1297	0.4505	0.1852	30	Intermediate
AR	MM1_HSA_LNCaP_AR	LNCaP 	tumor	6	250	0.0145	0.8658	0.0455	15	MethylMinus
ARID2	MM1_HSA_K562_ARID2	K562	tumor	6	852	3e-04	0.9806	0.0018	15	MethylMinus
ARID3A	MM1_HSA_HepG2_ARID3A	HepG2	tumor	15	1782	0.0069	0.9531	0.0526	19	MethylMinus
ATF1	MM1_HSA_K562_ATF1	K562	tumor	8	1578	0.0064	0.8429	0.02	15	MethylMinus
ATF2	MM1_HSA_HepG2_ATF2	HepG2	tumor	6	8683	0.1614	0.5149	0.4098	12	Intermediate
ATF3	MM1_HSA_K562_ATF3	K562	tumor	8	1034	0.007	0.8255	0.0319	15	MethylMinus
ATF4	MM1_HSA_K562_ATF4	K562	tumor	4	1062	0.0432	0.485	0.0952	11	Intermediate
ATF7	MM1_HSA_HepG2_ATF7	HepG2	tumor	8	8594	0.1776	0.4887	0.4	14	Intermediate
BACH1	MM1_HSA_HepG2_BACH1	HepG2	tumor	9	474	0.1297	0.5717	0.6111	15	Intermediate
BATF	MM1_HSA_GM12878_BATF	GM12878	normal	6	687	0.0297	0.7049	0.0893	15	MethylMinus
BATF3	MM1_HSA_GM12878_BATF3	GM12878	normal	2	68	0.0217	0.6498	0.0435	11	MethylMinus
BCL11A	MM1_HSA_GM12878_BCL11A	GM12878	normal	6	238	0.0021	0.921	0.0125	15	MethylMinus
BCL6	MM1_HSA_HepG2_BCL6	HepG2	tumor	5	567	0.0208	0.7598	0.0513	15	MethylMinus
BCL6B	MM1_HSA_HEK293_BCL6B	HEK293	normal	3	178	0.0632	0.5914	0.1231	14	Intermediate
BHLHE40	MM1_HSA_K562_BHLHE40	K562	tumor	1	4464	0	0.7576	0	8	MethylMinus
C11orf30	MM1_HSA_K562_C11orf30	K562	tumor	9	864	0.0523	0.6378	0.1098	15	MethylMinus
CBFA2T3	MM1_HSA_K562_CBFA2T3	K562	tumor	3	263	0	0.8451	0	10	MethylMinus
CBFB	MM1_HSA_GM12878_CBFB	GM12878	normal	4	348	0	0.8631	0	10	MethylMinus
CDX2	MM1_HSA_HUES64_CDX2	HUES64	normal	3	197	0.3003	0.2227	0.3675	11	Intermediate
CEBPA	MM1_HSA_HepG2_CEBPA	HepG2	tumor	13	11612	0.1921	0.4601	0.4898	20	Intermediate
CEBPB	MM1_HSA_IMR-90_CEBPB	IMR-90	normal	3	4838	0.2305	0.359	0.5136	11	Intermediate
CEBPD	MM1_HSA_HepG2_CEBPD	HepG2	tumor	7	2002	0.0505	0.7521	0.2553	15	MethylMinus
CEBPG	MM1_HSA_HepG2_CEBPG	HepG2	tumor	1	2608	0.3819	0.2274	0.3819	8	Intermediate
CHD2	MM1_HSA_A549_CHD2	A549	tumor	12	2633	7e-04	0.9124	0.004	18	MethylMinus
CLOCK	MM1_HSA_MCF-7_CLOCK	MCF-7	tumor	1	675	0.0044	0.9215	0.0044	7	MethylMinus
CREB1	MM1_HSA_MCF-7_CREB1	MCF-7	tumor	6	10231	0.0805	0.6396	0.1153	13	MethylMinus
CREB3L1	MM1_HSA_K562_CREB3L1	K562	tumor	2	461	0	0.8543	0	8	MethylMinus
CREM	MM1_HSA_K562_CREM	K562	tumor	2	1484	0	0.8477	0	7	MethylMinus
CTBP1	MM1_HSA_HEK293T_CTBP1	HEK293T	normal	2	28	0	0.7917	0	11	MethylMinus
CTCF	MM1_HSA_HepG2_CTCF	HepG2	tumor	11	9678	0.0217	0.803	0.0663	15	MethylMinus
CTCFL	MM1_HSA_K562_CTCFL	K562	tumor	12	3935	0.0189	0.848	0.0909	18	MethylMinus
CUX1	MM1_HSA_MCF-7_CUX1	MCF-7	tumor	2	70	0.14	0.505	0.28	11	Intermediate
DDX20	MM1_HSA_MCF-7_DDX20	MCF-7	tumor	8	625	9e-04	0.9931	0.007	14	MethylMinus
DPF2	MM1_HSA_K562_DPF2	K562	tumor	1	58	0	0.7931	0	8	MethylMinus
E2F1	MM1_HSA_LNCaP_E2F1	LNCaP 	tumor	9	8334	4e-04	0.9778	0.0013	15	MethylMinus
E2F4	MM1_HSA_K562_E2F4	K562	tumor	1	666	0.021	0.8634	0.021	8	MethylMinus
E2F6	MM1_HSA_H1-hESC_E2F6	H1-hESC	normal	7	1443	0.1562	0.4815	0.2792	14	Intermediate
E2F7	MM1_HSA_K562_E2F7	K562	tumor	2	197	0	0.9175	0	11	MethylMinus
E2F8	MM1_HSA_K562_E2F8	K562	tumor	8	905	0.0057	0.9667	0.0417	15	MethylMinus
E4F1	MM1_HSA_K562_E4F1	K562	tumor	8	1770	0	0.8886	0	14	MethylMinus
EBF1	MM1_HSA_GM12878_EBF1	GM12878	normal	5	588	0.0285	0.716	0.0722	14	MethylMinus
EGR1	MM1_HSA_K562_EGR1	K562	tumor	8	4039	0.0396	0.6664	0.0566	15	MethylMinus
EGR2	MM1_HSA_HEK293_EGR2	HEK293	normal	11	13034	0.3295	0.3885	0.4808	15	Intermediate
ELF1	MM1_HSA_HepG2_ELF1	HepG2	tumor	8	2841	0.0059	0.889	0.0203	14	MethylMinus
ELF3	MM1_HSA_HepG2_ELF3	HepG2	tumor	1	72	0	0.8333	0	8	MethylMinus
ELF4	MM1_HSA_K562_ELF4	K562	tumor	9	1943	1e-04	0.9063	7e-04	15	MethylMinus
ELK1	MM1_HSA_GM12878_ELK1	GM12878	normal	4	1058	0	0.9776	0	11	MethylMinus
ELK4	MM1_HSA_HeLa-S3_ELK4	HeLa-S3	tumor	5	3754	8e-04	0.9153	0.0021	11	MethylMinus
EOMES	MM1_HSA_H9_EOMES	H9	normal	2	50	0.3455	0.1638	0.3684	10	Intermediate
ESR1	MM1_HSA_MCF-7_ESR1	MCF-7	tumor	10	4683	0.0397	0.6266	0.0645	15	MethylMinus
ESRRA	MM1_HSA_K562_ESRRA	K562	tumor	5	185	0.0329	0.6468	0.0741	11	MethylMinus
ETS1	MM1_HSA_GM12878_ETS1	GM12878	normal	4	604	0	0.9765	0	11	MethylMinus
ETV4	MM1_HSA_HepG2_ETV4	HepG2	tumor	4	1627	0.0073	0.9372	0.0233	11	MethylMinus
ETV6	MM1_HSA_GM12878_ETV6	GM12878	normal	10	719	0.0011	0.872	0.0105	15	MethylMinus
FOS	MM1_HSA_MCF-7_FOS	MCF-7	tumor	2	1709	0.0246	0.6419	0.0329	10	MethylMinus
FOSL1	MM1_HSA_HCT116_FOSL1	HCT116	tumor	7	3104	0.0263	0.6474	0.0414	15	MethylMinus
FOSL2	MM1_HSA_SK-N-SH_FOSL2	SK-N-SH	tumor	3	1913	0.0156	0.3938	0.0273	11	Intermediate
FOXA1	MM1_HSA_LNCaP_FOXA1	LNCaP 	tumor	1	16	0	0.5625	0	11	Intermediate
FOXA2	MM1_HSA_HepG2_FOXA2	HepG2	tumor	7	651	0.0941	0.7104	0.4375	15	MethylMinus
FOXA3	MM1_HSA_HepG2_FOXA3	HepG2	tumor	1	78	0	0.7692	0	10	MethylMinus
FOXH1	MM1_HSA_H9_FOXH1	H9	normal	4	572	0.367	0.1642	0.4231	11	Intermediate
FOXK2	MM1_HSA_K562_FOXK2	K562	tumor	8	251	0.0027	0.9086	0.0217	15	MethylMinus
FOXM1	MM1_HSA_K562_FOXM1	K562	tumor	11	379	0	0.9469	0	18	MethylMinus
GABPA	MM1_HSA_K562_GABPA	K562	tumor	8	2127	0.0039	0.8888	0.011	15	MethylMinus
GABPB1	MM1_HSA_K562_GABPB1	K562	tumor	8	2559	0.005	0.8278	0.0198	14	MethylMinus
GATA1	MM1_HSA_K562_GATA1	K562	tumor	3	139	0	0.9151	0	10	MethylMinus
GATA2	MM1_HSA_LNCaP_GATA2	LNCaP 	tumor	1	50	0	0.76	0	8	MethylMinus
GATA3	MM1_HSA_MCF-7_GATA3	MCF-7	tumor	3	160	0.025	0.6635	0.0484	12	MethylMinus
GATA4	MM1_HSA_HUES64_GATA4	HUES64	normal	4	469	0.3606	0.1435	0.4158	11	Intermediate
GFI1B	MM1_HSA_HEK293_GFI1B	HEK293	normal	2	99	0.0406	0.7669	0.0612	11	MethylMinus
GMEB2	MM1_HSA_HepG2_GMEB2	HepG2	tumor	2	243	0	0.9515	0	7	MethylMinus
GRHL2	MM1_HSA_MCF-7_GRHL2	MCF-7	tumor	18	9071	0.04	0.5949	0.129	21	Intermediate
HES1	MM1_HSA_HepG2_HES1	HepG2	tumor	1	145	0	0.9379	0	7	MethylMinus
HES2	MM1_HSA_A549_HES2	A549	tumor	2	98	0.0577	0.5744	0.1154	11	Intermediate
HHEX	MM1_HSA_HepG2_HHEX	HepG2	tumor	2	54	0.0185	0.9259	0.037	11	MethylMinus
HLF	MM1_HSA_HepG2_HLF	HepG2	tumor	3	1889	0.2506	0.3938	0.4005	11	Intermediate
HMG20A	MM1_HSA_HepG2_HMG20A	HepG2	tumor	7	485	0.0107	0.8296	0.028	15	MethylMinus
HNF1A	MM1_HSA_HepG2_HNF1A	HepG2	tumor	5	189	0.0055	0.8709	0.0274	15	MethylMinus
HNF4A	MM1_HSA_HepG2_HNF4A	HepG2	tumor	8	1234	0.0083	0.7873	0.0256	15	MethylMinus
HNF4G	MM1_HSA_HepG2_HNF4G	HepG2	tumor	7	879	0.0104	0.8479	0.0455	14	MethylMinus
HOXB13	MM1_HSA_LNCaP_HOXB13	LNCaP 	tumor	3	112	0.0286	0.693	0.0588	11	MethylMinus
HSF1	MM1_HSA_GM12878_HSF1	GM12878	normal	10	225	0.081	0.6562	0.325	20	MethylMinus
IKZF3	MM1_HSA_HEK293_IKZF3	HEK293	normal	6	456	0.024	0.8131	0.0684	11	MethylMinus
IRF1	MM1_HSA_K562_IRF1	K562	tumor	12	1166	0.0538	0.6126	0.1622	21	MethylMinus
IRF2	MM1_HSA_K562_IRF2	K562	tumor	13	1274	0.0275	0.7683	0.0625	20	MethylMinus
IRF3	MM1_HSA_SK-N-SH_IRF3	SK-N-SH	tumor	13	1811	0.0036	0.9151	0.0169	19	MethylMinus
IRF4	MM1_HSA_GM12878_IRF4	GM12878	normal	7	427	0.0033	0.9614	0.0169	15	MethylMinus
IRF5	MM1_HSA_GM12878_IRF5	GM12878	normal	5	491	0	0.9714	0	15	MethylMinus
JUN	MM1_HSA_HeLa-S3_JUN	HeLa-S3	tumor	3	1355	0.0199	0.752	0.0337	11	MethylMinus
JUNB	MM1_HSA_GM12878_JUNB	GM12878	normal	6	512	0.0281	0.7381	0.1034	15	MethylMinus
JUND	MM1_HSA_SK-N-SH_JUND	SK-N-SH	tumor	7	3101	0.0123	0.4315	0.0296	15	Intermediate
KLF1	MM1_HSA_HEK293_KLF1	HEK293	normal	15	15884	0.2168	0.524	0.4886	21	Intermediate
KLF10	MM1_HSA_HEK293_KLF10	HEK293	normal	3	2814	0.0278	0.8862	0.0417	11	MethylMinus
KLF13	MM1_HSA_K562_KLF13	K562	tumor	5	643	8e-04	0.9119	0.0039	14	MethylMinus
KLF4	MM1_HSA_MCF-7_KLF4	MCF-7	tumor	4	2798	0.0048	0.9365	0.0115	11	MethylMinus
KLF5	MM1_HSA_HUES64_KLF5	HUES64	normal	2	718	0.0362	0.8966	0.0471	8	MethylMinus
KLF9	MM1_HSA_MCF-7_KLF9	MCF-7	tumor	8	14202	0.006	0.9467	0.0176	15	MethylMinus
MAFF	MM1_HSA_HepG2_MAFF	HepG2	tumor	14	2613	0.2581	0.4462	0.4015	19	Intermediate
MAFG	MM1_HSA_K562_MAFG	K562	tumor	11	1789	0.0553	0.6347	0.1119	15	MethylMinus
MAFK	MM1_HSA_HepG2_MAFK	HepG2	tumor	13	3065	0.2599	0.4226	0.3643	17	Intermediate
MAX	MM1_HSA_K562_MAX	K562	tumor	3	3663	0.0141	0.7195	0.0247	10	MethylMinus
MAZ	MM1_HSA_K562_MAZ	K562	tumor	10	1655	0.0011	0.9216	0.0091	15	MethylMinus
MEF2A	MM1_HSA_GM12878_MEF2A	GM12878	normal	4	93	0.0336	0.7905	0.087	15	MethylMinus
MEF2B	MM1_HSA_GM12878_MEF2B	GM12878	normal	2	336	0.0325	0.8036	0.061	11	MethylMinus
MEF2C	MM1_HSA_GM12878_MEF2C	GM12878	normal	4	96	0.0109	0.8606	0.0435	15	MethylMinus
MEIS2	MM1_HSA_K562_MEIS2	K562	tumor	4	204	0.0331	0.594	0.0588	13	Intermediate
MITF	MM1_HSA_K562_MITF	K562	tumor	3	583	0	0.9059	0	11	MethylMinus
MNT	MM1_HSA_HepG2_MNT	HepG2	tumor	11	10952	0.2644	0.3426	0.4439	15	Intermediate
MTA1	MM1_HSA_MCF-7_MTA1	MCF-7	tumor	12	1627	0	0.9976	0	19	MethylMinus
MXI1	MM1_HSA_SK-N-SH_MXI1	SK-N-SH	tumor	2	1148	0.0363	0.657	0.0633	8	MethylMinus
MYNN	MM1_HSA_K562_MYNN	K562	tumor	3	46	0.0444	0.7316	0.1333	16	MethylMinus
MZF1	MM1_HSA_HEK293_MZF1	HEK293	normal	10	580	0.0873	0.6624	0.2143	15	MethylMinus
NANOG	MM1_HSA_H9_NANOG	H9	normal	4	61	0.1788	0.3758	0.3333	15	Intermediate
NCOA1	MM1_HSA_K562_NCOA1	K562	tumor	10	269	0	0.9579	0	18	MethylMinus
NCOA3	MM1_HSA_MCF-7_NCOA3	MCF-7	tumor	6	569	0.0045	0.7174	0.011	14	MethylMinus
NFATC3	MM1_HSA_K562_NFATC3	K562	tumor	1	17	0	0.7647	0	19	MethylMinus
NFE2	MM1_HSA_K562_NFE2	K562	tumor	8	1919	0.0196	0.6941	0.0538	15	MethylMinus
NFE2L1	MM1_HSA_K562_NFE2L1	K562	tumor	4	214	0.0645	0.5868	0.1765	15	Intermediate
NFE2L2	MM1_HSA_IMR-90_NFE2L2	IMR-90	normal	8	922	0.0767	0.6134	0.1875	15	MethylMinus
NFIA	MM1_HSA_K562_NFIA	K562	tumor	10	3493	0.0313	0.6664	0.0968	15	MethylMinus
NFIB	MM1_HSA_MCF-7_NFIB	MCF-7	tumor	11	3360	0.1223	0.4977	0.2976	15	Intermediate
NFIC	MM1_HSA_K562_NFIC	K562	tumor	9	3168	0.0509	0.6378	0.1273	15	MethylMinus
NFIL3	MM1_HSA_HepG2_NFIL3	HepG2	tumor	3	414	0.0644	0.6418	0.1131	11	MethylMinus
NFYA	MM1_HSA_HeLa-S3_NFYA	HeLa-S3	tumor	9	3069	0.0578	0.8099	0.2024	15	MethylMinus
NFYB	MM1_HSA_K562_NFYB	K562	tumor	10	3001	0.0648	0.665	0.1443	15	MethylMinus
NFYC	MM1_HSA_HepG2_NFYC	HepG2	tumor	8	2178	0.1198	0.6266	0.2739	15	MethylMinus
NKX3-1	MM1_HSA_LNCaP_NKX3-1	LNCaP 	tumor	1	29	0	0.7931	0	11	MethylMinus
NR2C1	MM1_HSA_K562_NR2C1	K562	tumor	6	237	0.0311	0.7036	0.0682	15	MethylMinus
NR2C2	MM1_HSA_HepG2_NR2C2	HepG2	tumor	2	46	0	0.9516	0	15	MethylMinus
NR2F1	MM1_HSA_HepG2_NR2F1	HepG2	tumor	4	735	0.0389	0.7454	0.0571	11	MethylMinus
NR2F2	MM1_HSA_MCF-7_NR2F2	MCF-7	tumor	5	815	0.0149	0.7586	0.0361	11	MethylMinus
NR2F6	MM1_HSA_HepG2_NR2F6	HepG2	tumor	9	964	0.0246	0.757	0.0412	15	MethylMinus
NR3C1	MM1_HSA_LNCaP_NR3C1	LNCaP 	tumor	8	1156	0.0657	0.5943	0.1176	15	Intermediate
NR5A2	MM1_HSA_MCF-7_NR5A2	MCF-7	tumor	11	843	0.0119	0.8428	0.0568	15	MethylMinus
NRF1	MM1_HSA_K562_NRF1	K562	tumor	6	4723	0.0036	0.7772	0.0057	11	MethylMinus
OSR2	MM1_HSA_HEK293_OSR2	HEK293	normal	1	145	0.0276	0.7448	0.0276	8	MethylMinus
PBX2	MM1_HSA_K562_PBX2	K562	tumor	2	212	0.0317	0.5816	0.0635	11	Intermediate
PBX3	MM1_HSA_GM12878_PBX3	GM12878	normal	3	183	0.0439	0.7534	0.1176	11	MethylMinus
PHF21A	MM1_HSA_K562_PHF21A	K562	tumor	2	29	0	0.9333	0	10	MethylMinus
PKNOX1	MM1_HSA_K562_PKNOX1	K562	tumor	3	479	0.0288	0.7098	0.0357	11	MethylMinus
POU2F1	MM1_HSA_LNCaP_POU2F1	LNCaP 	tumor	6	148	0.2475	0.4099	0.3571	21	Intermediate
POU2F2	MM1_HSA_GM12878_POU2F2	GM12878	normal	4	185	0.0143	0.8083	0.0303	13	MethylMinus
POU5F1	MM1_HSA_HUES64_POU5F1	HUES64	normal	6	334	0.1043	0.3365	0.359	15	Intermediate
PPARG	MM1_HSA_HepG2_PPARG	HepG2	tumor	7	661	0.0072	0.816	0.034	15	MethylMinus
PRDM1	MM1_HSA_HEK293_PRDM1	HEK293	normal	9	773	0.3602	0.2887	0.4789	15	Intermediate
PRDM4	MM1_HSA_HEK293_PRDM4	HEK293	normal	9	671	0.1722	0.5257	0.4155	15	Intermediate
RBAK	MM1_HSA_HEK293_RBAK	HEK293	normal	2	70	0.7789	0.0709	0.8305	20	MethylPlus
RBM25	MM1_HSA_K562_RBM25	K562	tumor	7	701	0.0718	0.5772	0.1806	15	Intermediate
RELB	MM1_HSA_GM12878_RELB	GM12878	normal	2	178	0.0109	0.7565	0.0219	11	MethylMinus
REST	MM1_HSA_HEK293_REST	HEK293	normal	16	3786	0.2069	0.5565	0.339	21	Intermediate
RFX1	MM1_HSA_K562_RFX1	K562	tumor	10	3163	0.0638	0.6297	0.1538	15	MethylMinus
RFX3	MM1_HSA_HepG2_RFX3	HepG2	tumor	6	791	0.1495	0.6363	0.3913	14	MethylMinus
RFX5	MM1_HSA_HepG2_RFX5	HepG2	tumor	8	267	0.0774	0.7412	0.1818	14	MethylMinus
RING1	MM1_HSA_H1-hESC_RING1	H1-hESC	normal	6	1697	0.3183	0.0088	0.4192	15	Intermediate
RUNX1	MM1_HSA_K562_RUNX1	K562	tumor	1	211	0	0.8815	0	10	MethylMinus
RUNX3	MM1_HSA_GM12878_RUNX3	GM12878	normal	5	542	0.0084	0.7072	0.0303	11	MethylMinus
RXRA	MM1_HSA_HepG2_RXRA	HepG2	tumor	4	237	0.013	0.8267	0.0333	11	MethylMinus
SCRT1	MM1_HSA_HEK293_SCRT1	HEK293	normal	5	725	0.3815	0.3528	0.6559	11	Intermediate
SCRT2	MM1_HSA_HEK293_SCRT2	HEK293	normal	8	2256	0.3584	0.332	0.6824	13	Intermediate
SIX4	MM1_HSA_MCF-7_SIX4	MCF-7	tumor	3	83	0.1061	0.7941	0.2727	15	MethylMinus
SIX5	MM1_HSA_GM12878_SIX5	GM12878	normal	3	202	0	0.8907	0	15	MethylMinus
SMAD1	MM1_HSA_K562_SMAD1	K562	tumor	7	156	0.0057	0.8765	0.04	15	MethylMinus
SMAD2	MM1_HSA_H9_SMAD2	H9	normal	1	45	0.1778	0.5111	0.1778	7	Intermediate
SMAD3	MM1_HSA_H9_SMAD3	H9	normal	1	27	0.2963	0.4444	0.2963	8	Intermediate
SMAD4	MM1_HSA_H9_SMAD4	H9	normal	1	15	0.1333	0.2667	0.1333	7	Intermediate
SMARCA5	MM1_HSA_K562_SMARCA5	K562	tumor	10	665	0.084	0.499	0.1818	21	Intermediate
SMARCC2	MM1_HSA_K562_SMARCC2	K562	tumor	3	48	0	0.963	0	11	MethylMinus
SMARCE1	MM1_HSA_MCF-7_SMARCE1	MCF-7	tumor	12	1399	0	0.9508	0	19	MethylMinus
SOX13	MM1_HSA_HepG2_SOX13	HepG2	tumor	1	11	0	1	0	8	MethylMinus
SOX17	MM1_HSA_HUES64_SOX17	HUES64	normal	3	146	0.1762	0.4359	0.2439	11	Intermediate
SOX2	MM1_HSA_H1-hESC_SOX2	H1-hESC	normal	6	249	0.0444	0.3899	0.1111	19	Intermediate
SOX5	MM1_HSA_HepG2_SOX5	HepG2	tumor	2	180	0.014	0.798	0.028	11	MethylMinus
SP1	MM1_HSA_GM12878_SP1	GM12878	normal	1	742	0.0175	0.9124	0.0175	8	MethylMinus
SP2	MM1_HSA_HEK293_SP2	HEK293	normal	9	10781	0.023	0.8547	0.0427	15	MethylMinus
SP3	MM1_HSA_HEK293_SP3	HEK293	normal	7	11311	0.0108	0.9137	0.0204	15	MethylMinus
SP4	MM1_HSA_H1-hESC_SP4	H1-hESC	normal	4	226	0	0.935	0	15	MethylMinus
SP5	MM1_HSA_HepG2_SP5	HepG2	tumor	5	3347	0.0107	0.8331	0.0406	11	MethylMinus
SPI1	MM1_HSA_GM12878_SPI1	GM12878	normal	14	2353	0.0167	0.7351	0.0584	18	MethylMinus
SREBF1	MM1_HSA_MCF-7_SREBF1	MCF-7	tumor	4	1134	0.0118	0.8732	0.0261	11	MethylMinus
SRF	MM1_HSA_GM12878_SRF	GM12878	normal	5	144	0.0455	0.6103	0.1034	14	MethylMinus
TAF1	MM1_HSA_H1-hESC_TAF1	H1-hESC	normal	2	245	0.0179	0.7245	0.0357	11	MethylMinus
TAL1	MM1_HSA_K562_TAL1	K562	tumor	8	547	0.0014	0.869	0.0109	16	MethylMinus
TCF12	MM1_HSA_K562_TCF12	K562	tumor	13	896	0	0.8957	0	19	MethylMinus
TCF3	MM1_HSA_GM12878_TCF3	GM12878	normal	3	142	0.0215	0.857	0.04	10	MethylMinus
TCF7	MM1_HSA_HepG2_TCF7	HepG2	tumor	3	95	0	0.8224	0	11	MethylMinus
TCF7L2	MM1_HSA_LNCaP_TCF7L2	LNCaP 	tumor	4	383	0.1174	0.5541	0.1406	11	Intermediate
TEAD4	MM1_HSA_H1-hESC_TEAD4	H1-hESC	normal	5	308	0.0543	0.2696	0.0833	11	Intermediate
TFAP2A	MM1_HSA_MCF-7_TFAP2A	MCF-7	tumor	11	5259	0.0184	0.6534	0.0575	15	MethylMinus
TFAP2C	MM1_HSA_MCF-7_TFAP2C	MCF-7	tumor	6	5272	0.0671	0.5582	0.1504	11	Intermediate
TFAP4	MM1_HSA_HepG2_TFAP4	HepG2	tumor	4	269	0.0208	0.8651	0.0588	11	MethylMinus
TFDP1	MM1_HSA_K562_TFDP1	K562	tumor	9	772	0	0.9772	0	19	MethylMinus
THAP1	MM1_HSA_K562_THAP1	K562	tumor	3	93	0	0.9447	0	20	MethylMinus
THRA	MM1_HSA_K562_THRA	K562	tumor	2	24	0.0839	0.7098	0.0909	19	MethylMinus
TP53	MM1_HSA_MCF-7_TP53	MCF-7	tumor	4	105	0.218	0.4163	0.3929	20	Intermediate
TP73	MM1_HSA_GM12878_TP73	GM12878	normal	9	377	0.0741	0.5476	0.1304	19	Intermediate
TRIM22	MM1_HSA_MCF-7_TRIM22	MCF-7	tumor	11	8899	0.0012	0.9657	0.0113	15	MethylMinus
USF1	MM1_HSA_H1-hESC_USF1	H1-hESC	normal	8	3950	0.2315	0.2626	0.3182	14	Intermediate
USF2	MM1_HSA_IMR-90_USF2	IMR-90	normal	8	8209	0.0223	0.7576	0.0377	14	MethylMinus
VDR	MM1_HSA_LNCaP_VDR	LNCaP 	tumor	5	257	0.0583	0.739	0.1562	15	MethylMinus
VEZF1	MM1_HSA_K562_VEZF1	K562	tumor	3	184	0	0.868	0	11	MethylMinus
WIZ	MM1_HSA_HEK293T_WIZ	HEK293T	normal	4	199	0.4796	0.0271	0.5806	21	MethylPlus
WT1	MM1_HSA_HEK293_WT1	HEK293	normal	20	14675	0.052	0.7612	0.072	21	MethylMinus
YY1	MM1_HSA_K562_YY1	K562	tumor	6	2066	0.0291	0.7103	0.0476	13	MethylMinus
YY2	MM1_HSA_HEK293_YY2	HEK293	normal	8	3298	0.0186	0.9138	0.0476	15	MethylMinus
ZBTB12	MM1_HSA_HEK293_ZBTB12	HEK293	normal	5	151	0.0893	0.7081	0.1429	11	MethylMinus
ZBTB2	MM1_HSA_GM12878_ZBTB2	GM12878	normal	18	11067	0.0316	0.7318	0.1429	21	MethylMinus
ZBTB20	MM1_HSA_HEK293_ZBTB20	HEK293	normal	10	2244	0.0309	0.7908	0.0877	15	MethylMinus
ZBTB21	MM1_HSA_HEK293_ZBTB21	HEK293	normal	4	2639	0.0634	0.7061	0.1625	11	MethylMinus
ZBTB33	MM1_HSA_SK-N-SH_ZBTB33	SK-N-SH	tumor	10	1759	0	0.9289	0	15	MethylMinus
ZBTB40	MM1_HSA_K562_ZBTB40	K562	tumor	10	431	0.1156	0.4771	0.2208	21	Intermediate
ZBTB44	MM1_HSA_HEK293_ZBTB44	HEK293	normal	3	89	0.0559	0.648	0.0909	11	MethylMinus
ZBTB5	MM1_HSA_K562_ZBTB5	K562	tumor	7	226	0	0.844	0	21	MethylMinus
ZBTB6	MM1_HSA_HEK293_ZBTB6	HEK293	normal	9	2449	0.1282	0.6881	0.25	15	MethylMinus
ZBTB7A	MM1_HSA_K562_ZBTB7A	K562	tumor	1	35	0.0286	0.7429	0.0286	8	MethylMinus
ZBTB7B	MM1_HSA_MCF-7_ZBTB7B	MCF-7	tumor	1	22	0.0909	0.2727	0.0909	15	Intermediate
ZEB1	MM1_HSA_GM12878_ZEB1	GM12878	normal	1	12	0	0.9167	0	8	MethylMinus
ZEB2	MM1_HSA_SNU398_ZEB2	SNU398	tumor	7	229	0.193	0.4815	0.2609	15	Intermediate
ZFHX2	MM1_HSA_HEK293_ZFHX2	HEK293	normal	15	25118	0.2797	0.4232	0.4329	19	Intermediate
ZFP3	MM1_HSA_HEK293_ZFP3	HEK293	normal	3	126	0.357	0.3443	0.4375	15	Intermediate
ZFP36	MM1_HSA_K562_ZFP36	K562	tumor	15	891	0.0703	0.6372	0.25	21	MethylMinus
ZFP64	MM1_HSA_HepG2_ZFP64	HepG2	tumor	19	1886	0.1225	0.6122	0.2419	21	MethylMinus
ZFP69B	MM1_HSA_HEK293_ZFP69B	HEK293	normal	4	1527	0.1127	0.6431	0.157	11	MethylMinus
ZFP91	MM1_HSA_K562_ZFP91	K562	tumor	6	282	0.0582	0.6497	0.125	15	MethylMinus
ZFX	MM1_HSA_K562_ZFX	K562	tumor	1	182	0	0.7473	0	8	MethylMinus
ZHX1	MM1_HSA_K562_ZHX1	K562	tumor	14	936	2e-04	0.9553	0.0026	24	MethylMinus
ZIC2	MM1_HSA_HEK293_ZIC2	HEK293	normal	7	2315	0.2084	0.4723	0.341	11	Intermediate
ZKSCAN1	MM1_HSA_K562_ZKSCAN1	K562	tumor	5	779	0.225	0.4263	0.3598	15	Intermediate
ZKSCAN8	MM1_HSA_K562_ZKSCAN8	K562	tumor	4	191	0.0825	0.4799	0.1538	15	Intermediate
ZMYM3	MM1_HSA_K562_ZMYM3	K562	tumor	17	1335	0.0784	0.4419	0.2623	23	Intermediate
ZNF10	MM1_HSA_HEK293_ZNF10	HEK293	normal	9	777	0.2305	0.4875	0.5	15	Intermediate
ZNF112	MM1_HSA_HEK293_ZNF112	HEK293	normal	2	30	0.5694	0.0278	0.5833	15	MethylPlus
ZNF121	MM1_HSA_HEK293_ZNF121	HEK293	normal	10	1352	0.5028	0.2644	0.6783	16	MethylPlus
ZNF133	MM1_HSA_HEK293_ZNF133	HEK293	normal	6	518	0.5866	0.1039	0.7679	21	MethylPlus
ZNF140	MM1_HSA_HEK293_ZNF140	HEK293	normal	1	14	0.7143	0.1429	0.7143	7	MethylPlus
ZNF143	MM1_HSA_MCF-7_ZNF143	MCF-7	tumor	10	3809	0.072	0.6816	0.125	15	MethylMinus
ZNF146	MM1_HSA_HEK293_ZNF146	HEK293	normal	8	1062	0.3426	0.2297	0.5938	15	Intermediate
ZNF148	MM1_HSA_K562_ZNF148	K562	tumor	15	1336	0.0259	0.69	0.1538	21	MethylMinus
ZNF16	MM1_HSA_HEK293_ZNF16	HEK293	normal	4	106	0.4126	0.2195	0.5652	15	MethylPlus
ZNF18	MM1_HSA_HEK293_ZNF18	HEK293	normal	4	711	0.3053	0.4033	0.6074	11	Intermediate
ZNF184	MM1_HSA_K562_ZNF184	K562	tumor	7	440	0.1782	0.3831	0.3636	19	Intermediate
ZNF189	MM1_HSA_HEK293_ZNF189	HEK293	normal	8	1394	0.1984	0.5386	0.3636	13	Intermediate
ZNF2	MM1_HSA_HEK293_ZNF2	HEK293	normal	18	4666	0.0168	0.9151	0.0526	20	MethylMinus
ZNF211	MM1_HSA_HEK293_ZNF211	HEK293	normal	1	20	0.4	0.2	0.4	15	Intermediate
ZNF214	MM1_HSA_HEK293_ZNF214	HEK293	normal	2	42	0.3282	0.2659	0.48	19	Intermediate
ZNF217	MM1_HSA_MCF-7_ZNF217	MCF-7	tumor	3	96	0	0.9942	0	21	MethylMinus
ZNF223	MM1_HSA_HEK293_ZNF223	HEK293	normal	9	731	0.1292	0.6409	0.22	15	MethylMinus
ZNF23	MM1_HSA_HEK293_ZNF23	HEK293	normal	1	43	0.5581	0.093	0.5581	19	MethylPlus
ZNF239	MM1_HSA_HEK293_ZNF239	HEK293	normal	3	87	0.6596	0.1847	0.7333	21	MethylPlus
ZNF24	MM1_HSA_GM12878_ZNF24	GM12878	normal	18	2674	0.126	0.3967	0.2	21	Intermediate
ZNF26	MM1_HSA_HEK293_ZNF26	HEK293	normal	2	72	0.5402	0.0893	0.5625	21	MethylPlus
ZNF263	MM1_HSA_HEK293_ZNF263	HEK293	normal	10	7277	0.1858	0.5732	0.2525	15	Intermediate
ZNF274	MM1_HSA_HCT116_ZNF274	HCT116	tumor	22	17463	0.1995	0.1067	0.4	22	Intermediate
ZNF280C	MM1_HSA_HEK293_ZNF280C	HEK293	normal	3	83	0.5001	0.2689	0.6522	21	MethylPlus
ZNF280D	MM1_HSA_HEK293_ZNF280D	HEK293	normal	2	109	0.5799	0.2547	0.6598	15	MethylPlus
ZNF300	MM1_HSA_HEK293_ZNF300	HEK293	normal	2	23	0.0871	0.4773	0.0909	15	Intermediate
ZNF302	MM1_HSA_HEK293_ZNF302	HEK293	normal	1	15	0.6	0.2	0.6	17	MethylPlus
ZNF316	MM1_HSA_K562_ZNF316	K562	tumor	11	1376	0.0757	0.5624	0.2333	15	Intermediate
ZNF341	MM1_HSA_HEK293_ZNF341	HEK293	normal	4	1606	0.1316	0.5898	0.1716	11	Intermediate
ZNF350	MM1_HSA_HEK293_ZNF350	HEK293	normal	2	27	0.2225	0.294	0.2308	15	Intermediate
ZNF362	MM1_HSA_HEK293_ZNF362	HEK293	normal	20	7656	0.3761	0.3816	0.6059	21	Intermediate
ZNF37A	MM1_HSA_HEK293_ZNF37A	HEK293	normal	3	43	0.0708	0.6736	0.0833	15	MethylMinus
ZNF407	MM1_HSA_K562_ZNF407	K562	tumor	5	337	0.0022	0.8911	0.0108	15	MethylMinus
ZNF410	MM1_HSA_K562_ZNF410	K562	tumor	4	65	0.0556	0.5298	0.1667	19	Intermediate
ZNF423	MM1_HSA_HEK293_ZNF423	HEK293	normal	4	504	0.0156	0.8208	0.0328	11	MethylMinus
ZNF444	MM1_HSA_MCF-7_ZNF444	MCF-7	tumor	8	2727	4e-04	0.9664	0.0031	15	MethylMinus
ZNF449	MM1_HSA_HEK293_ZNF449	HEK293	normal	6	1881	0.1531	0.5603	0.3567	11	Intermediate
ZNF491	MM1_HSA_HEK293_ZNF491	HEK293	normal	2	40	0.05	0.55	0.05	15	Intermediate
ZNF507	MM1_HSA_K562_ZNF507	K562	tumor	2	107	0.0759	0.4965	0.0851	13	Intermediate
ZNF513	MM1_HSA_HEK293_ZNF513	HEK293	normal	14	4177	0.4369	0.2659	0.5298	21	MethylPlus
ZNF529	MM1_HSA_HEK293_ZNF529	HEK293	normal	2	29	0.5673	0.0769	0.75	15	MethylPlus
ZNF530	MM1_HSA_HEK293_ZNF530	HEK293	normal	5	224	0.1287	0.5929	0.3333	16	Intermediate
ZNF544	MM1_HSA_HEK293_ZNF544	HEK293	normal	2	34	0.1771	0.441	0.1875	21	Intermediate
ZNF547	MM1_HSA_HEK293_ZNF547	HEK293	normal	1	16	0.5	0.1875	0.5	8	MethylPlus
ZNF548	MM1_HSA_HEK293_ZNF548	HEK293	normal	6	208	0.5375	0.2392	0.7524	15	MethylPlus
ZNF549	MM1_HSA_HEK293_ZNF549	HEK293	normal	5	224	0.2245	0.5116	0.4583	12	Intermediate
ZNF558	MM1_HSA_HEK293_ZNF558	HEK293	normal	5	90	0.5826	0.0583	0.6667	21	MethylPlus
ZNF574	MM1_HSA_MCF-7_ZNF574	MCF-7	tumor	4	310	0.0063	0.9557	0.0192	14	MethylMinus
ZNF580	MM1_HSA_HEK293_ZNF580	HEK293	normal	5	332	0.4749	0.2746	0.6667	15	MethylPlus
ZNF585B	MM1_HSA_HEK293_ZNF585B	HEK293	normal	5	318	0.4187	0.2955	0.7917	15	MethylPlus
ZNF592	MM1_HSA_K562_ZNF592	K562	tumor	10	387	0.091	0.449	0.1667	29	Intermediate
ZNF596	MM1_HSA_HEK293_ZNF596	HEK293	normal	21	3100	0.4631	0.1699	0.5687	21	MethylPlus
ZNF597	MM1_HSA_GM12878_ZNF597	GM12878	normal	2	141	0	0.8459	0	11	MethylMinus
ZNF610	MM1_HSA_HEK293_ZNF610	HEK293	normal	9	465	0.0745	0.7689	0.2625	21	MethylMinus
ZNF623	MM1_HSA_HEK293_ZNF623	HEK293	normal	13	1920	0.5642	0.1494	0.7414	21	MethylPlus
ZNF624	MM1_HSA_HEK293_ZNF624	HEK293	normal	1	24	0.0833	0.5417	0.0833	21	Intermediate
ZNF629	MM1_HSA_HEK293_ZNF629	HEK293	normal	3	2455	0.043	0.6782	0.0569	11	MethylMinus
ZNF639	MM1_HSA_K562_ZNF639	K562	tumor	1	173	0	0.9191	0	8	MethylMinus
ZNF644	MM1_HSA_HEK293T_ZNF644	HEK293T	normal	5	189	0.6522	0.0196	0.8095	21	MethylPlus
ZNF652	MM1_HSA_HepG2_ZNF652	HepG2	tumor	5	417	0.2426	0.4278	0.38	11	Intermediate
ZNF654	MM1_HSA_HEK293_ZNF654	HEK293	normal	15	12795	0.0145	0.824	0.0625	19	MethylMinus
ZNF664	MM1_HSA_HEK293_ZNF664	HEK293	normal	3	92	0.4535	0.2177	0.6111	15	MethylPlus
ZNF677	MM1_HSA_HEK293_ZNF677	HEK293	normal	11	361	0.3588	0.2795	0.5	25	Intermediate
ZNF680	MM1_HSA_HEK293_ZNF680	HEK293	normal	5	166	0.3533	0.3677	0.4478	15	Intermediate
ZNF692	MM1_HSA_HEK293_ZNF692	HEK293	normal	5	2321	0.1382	0.6285	0.1872	11	MethylMinus
ZNF701	MM1_HSA_HEK293_ZNF701	HEK293	normal	7	109	0.091	0.6085	0.2667	15	MethylMinus
ZNF707	MM1_HSA_HEK293_ZNF707	HEK293	normal	3	84	0.3931	0.2751	0.56	15	Intermediate
ZNF740	MM1_HSA_K562_ZNF740	K562	tumor	20	949	0.0558	0.6727	0.0943	21	MethylMinus
ZNF75A	MM1_HSA_K562_ZNF75A	K562	tumor	7	1306	3e-04	0.9325	0.0024	14	MethylMinus
ZNF76	MM1_HSA_HEK293_ZNF76	HEK293	normal	21	3598	0.0047	0.9547	0.0385	26	MethylMinus
ZNF768	MM1_HSA_HEK293_ZNF768	HEK293	normal	4	117	0.4732	0.2727	0.5217	15	MethylPlus
ZNF792	MM1_HSA_HEK293_ZNF792	HEK293	normal	3	146	0.242	0.4692	0.2857	21	Intermediate
ZNF83	MM1_HSA_K562_ZNF83	K562	tumor	4	57	0.0436	0.7398	0.0909	20	MethylMinus
ZNF830	MM1_HSA_HEK293_ZNF830	HEK293	normal	4	99	0.081	0.5665	0.087	15	Intermediate
ZSCAN16	MM1_HSA_HEK293_ZSCAN16	HEK293	normal	5	237	0.1199	0.5719	0.2727	15	Intermediate
ZSCAN2	MM1_HSA_HepG2_ZSCAN2	HepG2	tumor	2	36	0	0.9231	0	11	MethylMinus
ZSCAN29	MM1_HSA_K562_ZSCAN29	K562	tumor	5	312	0.0048	0.7635	0.0238	13	MethylMinus
